test_id,subtest,run_id,valid,protocol_draft,transport,relay,track_count,user_count,offered_load_mbps,capacity_mbps,rtt_ms,mode,primary_metric_name,primary_metric_value,secondary_metric_name,secondary_metric_value,status,limitation
P1,Series_A,run_20260915T165654Z_b1c69629,true,18,raw_quic,moqx@502b6b8f,1,1,24,,,tracks,aggregate_goodput_bps,22657054.473235678,p95_completion_latency_ms,73.36889515,COMPLETE,repetition_1_of_1_unshaped_loopback
P1,Series_A,run_20260915T165751Z_8504fe17,true,18,raw_quic,moqx@502b6b8f,2,1,24,,,tracks,aggregate_goodput_bps,22657064.665933196,p95_skew_ms,6.973447099999998,COMPLETE,repetition_1_of_1_unshaped_loopback
P1,Series_A,run_20260915T165844Z_292bc7d6,true,18,raw_quic,moqx@502b6b8f,4,1,24,,,tracks,aggregate_goodput_bps,22654069.31304429,p95_skew_ms,16.852976050000002,COMPLETE,repetition_1_of_1_unshaped_loopback
P1,Series_A,run_20260915T165936Z_7bf1811d,true,18,raw_quic,moqx@502b6b8f,8,1,24,,,tracks,aggregate_goodput_bps,22653637.900331274,p95_skew_ms,17.67596475,COMPLETE,repetition_1_of_1_unshaped_loopback
P1,Series_A,run_20260915T170035Z_10ef35a0,true,18,raw_quic,moqx@502b6b8f,16,1,24,,,tracks,aggregate_goodput_bps,22658072.876407307,p95_skew_ms,20.5561547,COMPLETE,repetition_1_of_1_unshaped_loopback
P1,Series_A,run_20260915T170520Z_00ca2719,true,18,raw_quic,moqx@502b6b8f,24,1,24,,,tracks,aggregate_goodput_bps,22624746.905542772,p95_skew_ms,34.966752949999965,COMPLETE,repetition_1_of_1_unshaped_loopback
P1,harness_validation,run_20260915T035842Z_66b1dd01,false,18,not_moq,not_used,,,,,synthetic_plan,primary_metric,unsupported,secondary_metric,unsupported,COMPLETED_SYNTHETIC,harness_validation_not_moq
P1,native_smoke,run_20260915T165233Z_13673576,true,18,raw_quic,moqx@502b6b8f,1,1,1,,,loopback_smoke,received_objects,10,expected_objects,10,NATIVE_SEMANTIC_SMOKE,excluded_from_research_measurement_count
P1,native_smoke,run_20260915T165508Z_5c231a94,true,18,raw_quic,moqx@502b6b8f,4,1,4,,,loopback_smoke,received_objects,40,expected_objects,40,NATIVE_SEMANTIC_SMOKE,excluded_from_research_measurement_count
P1,invalid_measurement,run_20260915T165541Z_d2e68928,false,18,raw_quic,moqx@502b6b8f,1,1,24,,,tracks,aggregate_goodput_bps,22651538.103998866,group_completion_ratio,1,COMPLETED_INVALID,relay_log_not_saved
P1,native_regression_smoke,run_20260918T144558Z_59eb51a4,true,18,raw_quic,moqx@502b6b8f,1,1,1,,,loopback_smoke,aggregate_goodput_bps,831376.9125877315,group_completion_ratio,1,NATIVE_SEMANTIC_SMOKE,excluded_from_research_measurement_count
P1,incomplete,run_20260915T165118Z_0bdbd5f8,false,18,raw_quic,moqx@502b6b8f,,,,,,unknown,primary_metric,not_run,secondary_metric,not_run,INCOMPLETE_NO_SUMMARY,not_finalized
P1,incomplete,run_20260915T165158Z_29155eb2,false,18,raw_quic,moqx@502b6b8f,24,1,24,,,tracks,primary_metric,not_run,secondary_metric,not_run,INCOMPLETE_NO_SUMMARY,stream_limit_attempt
P1,incomplete,run_20260915T165337Z_2789bd6e,false,18,raw_quic,moqx@502b6b8f,,,,,,unknown,primary_metric,not_run,secondary_metric,not_run,INCOMPLETE_NO_SUMMARY,not_finalized
P1,incomplete,run_20260915T170133Z_17130da9,false,18,raw_quic,moqx@502b6b8f,,,,,,unknown,primary_metric,not_run,secondary_metric,not_run,INCOMPLETE_NO_SUMMARY,not_finalized
P2,static_equal,run_20260916T030328Z_40620409,true,18,raw_quic,moqx@502b6b8f,2,1,24,19.2,5,equal,aggregate_goodput_bps,14455212.234596387,integrity_received_over_expected,480/480,COMPLETE_CORE,none
P2,static_a_high,run_20260916T030458Z_e5f3236b,true,18,raw_quic,moqx@502b6b8f,2,1,24,19.2,5,a_high,track_a_median_latency_ms,56.5048205,track_b_median_latency_ms,4596.838864,COMPLETE_CORE,none
P2,static_b_high,run_20260916T030537Z_840a7a11,true,18,raw_quic,moqx@502b6b8f,2,1,24,19.2,5,b_high,track_b_median_latency_ms,53.944717,track_a_median_latency_ms,4597.237526,COMPLETE_CORE,duplicate_valid_b_high_configuration
P2,static_b_high,run_20260916T030726Z_4e3c836e,true,18,raw_quic,moqx@502b6b8f,2,1,24,19.2,5,b_high,track_b_median_latency_ms,56.780414,track_a_median_latency_ms,4624.4206395,COMPLETE_CORE,none
P2,dynamic_a_to_b,run_20260916T031350Z_f799275a,true,18,raw_quic,moqx@502b6b8f,2,1,24,19.2,5,A_to_B,receiver_first_effect_ms,34.837094,ack_median_ms_recomputed,26.970132,COMPLETE_CORE,stored_summary_median_inconsistent_with_raw_ACK_samples
P2,dynamic_b_to_a,run_20260916T033223Z_006c52fa,true,18,raw_quic,moqx@502b6b8f,2,1,24,19.2,5,B_to_A,receiver_first_effect_ms,8.369572,ack_median_ms,20.8868635,COMPLETE_CORE,single_directional_confirmation_run
P2,dynamic_a_to_b,run_20260916T035447Z_942d19b5,true,18,raw_quic,moqx@502b6b8f,2,1,24,19.2,5,A_to_B,receiver_first_effect_ms,36.27577,ack_median_ms,27.4580475,COMPLETE_CORE,none
P2,dynamic_a_to_b,run_20260916T035558Z_6dc3294e,true,18,raw_quic,moqx@502b6b8f,2,1,24,19.2,5,A_to_B,receiver_first_effect_ms,52.949978,ack_median_ms,18.5783075,COMPLETE_CORE,none
P2,dynamic_invalid,run_20260916T030824Z_9a3e098f,false,18,raw_quic,moqx@502b6b8f,2,1,24,19.2,5,A_to_B,request_ok_count,1,expected_request_ok_count,2,COMPLETED_INVALID,response_registration_race
P2,dynamic_invalid,run_20260916T032859Z_1ae8e3b5,false,18,raw_quic,moqx@502b6b8f,2,1,24,19.2,5,B_to_A,request_ok_count,1,expected_request_ok_count,2,COMPLETED_INVALID,response_registration_race
P2,incomplete,run_20260916T025846Z_3b911771,false,18,raw_quic,moqx@502b6b8f,2,1,24,19.2,5,unknown,primary_metric,not_run,secondary_metric,not_run,INCOMPLETE_NO_SUMMARY,not_finalized
P3,control_no_timeout,run_20260916T042601Z_03a5a93d,true,18,raw_quic,moqx@502b6b8f,8,1,24,19.2,5,no_timeout,received_objects,1280,native_timeout_resets,0,COMPLETE_BASELINE,none
P3,object_delivery_timeout,run_20260916T042629Z_6b52ee91,false,18,raw_quic,moqx@502b6b8f,8,1,24,19.2,5,timeout_50ms,native_timeout_resets,2,received_over_expected,1277/1280,COMPLETED_INVALID,relay_uni_stream_resource_errors
P3,subgroup_delivery_timeout,not_run,false,18,raw_quic,moqx@502b6b8f,8,1,24,19.2,5,unsupported,primary_metric,unsupported,secondary_metric,not_run,BLOCKED_UNIMPLEMENTED_NATIVE_BEHAVIOR,no_effective_subgroup_timer_reset_path
P4,P4A_forward_1,run_20260916T144435Z_3042d38f,true,18,raw_quic,moqx@502b6b8f,1,1,1,100,40,forward_f1,downstream_wire_bytes,262837,downstream_payload_bytes,250000,COMPLETE,initial_state_no_REQUEST_UPDATE
P4,P4A_forward_1,run_20260916T144444Z_b4061565,true,18,raw_quic,moqx@502b6b8f,1,1,1,100,40,forward_f1,downstream_wire_bytes,262753,downstream_payload_bytes,250000,COMPLETE,initial_state_no_REQUEST_UPDATE
P4,P4A_forward_1,run_20260916T144453Z_2129e340,true,18,raw_quic,moqx@502b6b8f,1,1,1,100,40,forward_f1,downstream_wire_bytes,262753,downstream_payload_bytes,250000,COMPLETE,initial_state_no_REQUEST_UPDATE
P4,P4A_forward_0,run_20260916T144501Z_c3a9aee0,true,18,raw_quic,moqx@502b6b8f,1,1,1,100,40,forward_f0,downstream_wire_bytes,4220,downstream_payload_bytes,0,COMPLETE,initial_state_no_REQUEST_UPDATE
P4,P4A_forward_0,run_20260916T144510Z_2b47511f,true,18,raw_quic,moqx@502b6b8f,1,1,1,100,40,forward_f0,downstream_wire_bytes,4263,downstream_payload_bytes,0,COMPLETE,initial_state_no_REQUEST_UPDATE
P4,P4A_forward_0,run_20260916T144519Z_82b3d69b,true,18,raw_quic,moqx@502b6b8f,1,1,1,100,40,forward_f0,downstream_wire_bytes,4265,downstream_payload_bytes,0,COMPLETE,initial_state_no_REQUEST_UPDATE
P4,P4A_forward_0_to_1,run_20260916T144528Z_868d5d7e,true,18,raw_quic,moqx@502b6b8f,1,1,1,100,40,forward_0_to_1,request_ok_ms,40.849255,first_complete_group_ms,582.387124,COMPLETE,none
P4,P4A_forward_0_to_1,run_20260916T144537Z_3f17ffc4,true,18,raw_quic,moqx@502b6b8f,1,1,1,100,40,forward_0_to_1,request_ok_ms,40.814166,first_complete_group_ms,581.455852,COMPLETE,none
P4,P4A_forward_0_to_1,run_20260916T144546Z_c066a736,true,18,raw_quic,moqx@502b6b8f,1,1,1,100,40,forward_0_to_1,request_ok_ms,40.8162,first_complete_group_ms,582.707473,COMPLETE,none
P4,P4A_forward_1_to_0,run_20260916T144555Z_f8b85f6c,true,18,raw_quic,moqx@502b6b8f,1,1,1,100,40,forward_1_to_0,objects_after_ack,3,drain_after_ack_ms,7.045322,COMPLETE,none
P4,P4A_forward_1_to_0,run_20260916T144603Z_1cc39ecb,true,18,raw_quic,moqx@502b6b8f,1,1,1,100,40,forward_1_to_0,objects_after_ack,4,drain_after_ack_ms,9.741104,COMPLETE,none
P4,P4A_forward_1_to_0,run_20260916T144612Z_1872e4a7,true,18,raw_quic,moqx@502b6b8f,1,1,1,100,40,forward_1_to_0,objects_after_ack,0,signed_last_object_minus_ack_ms,-482.277318,COMPLETE,last_object_preceded_ACK
P4,P4B_reactive,run_20260916T145422Z_81cdad7f,true,18,raw_quic,moqx@502b6b8f,8,1,8,100,40,reactive,first_object_ms,42.766243,first_complete_group_ms,164.857026,PARTIAL_REACTIVE_ONLY,dormant_results_absent
P4,P4B_reactive,run_20260916T145433Z_e07e4ef3,true,18,raw_quic,moqx@502b6b8f,8,1,8,100,40,reactive,first_object_ms,543.074426,first_complete_group_ms,717.623791,PARTIAL_REACTIVE_ONLY,high_latency_repetition_retained
P4,P4B_reactive,run_20260916T145444Z_f684e719,true,18,raw_quic,moqx@502b6b8f,8,1,8,100,40,reactive,first_object_ms,42.588751,first_complete_group_ms,164.084662,PARTIAL_REACTIVE_ONLY,dormant_results_absent
P4,P4B_dormant,not_run,false,18,raw_quic,moqx@502b6b8f,8,1,8,100,40,dormant,primary_metric,not_run,secondary_metric,not_run,RESULTS_ABSENT,no_run_directory_or_summary_row
P4,P4C_prewarm,not_run,false,18,raw_quic,moqx@502b6b8f,8,1,8,100,40,inactive_demand_prewarm,primary_metric,unsupported,secondary_metric,not_run,BLOCKED_BY_CURRENT_RELAY,implementation_policy_not_protocol_semantic
P4,P4D_fanout,run_20260916T145056Z_df7aa83b,true,18,raw_quic,moqx@502b6b8f,8,2,8,100,40,fanout_50pct_overlap,publisher_to_relay_wire_bytes,8265007,relay_to_users_wire_bytes,1748759,COMPLETE,none
P4,P4D_fanout,run_20260916T145107Z_0eea6fb0,true,18,raw_quic,moqx@502b6b8f,8,2,8,100,40,fanout_50pct_overlap,publisher_to_relay_wire_bytes,8268170,relay_to_users_wire_bytes,1813241,COMPLETE,none
P4,P4D_fanout,run_20260916T145118Z_ccbfabd8,true,18,raw_quic,moqx@502b6b8f,8,2,8,100,40,fanout_50pct_overlap,publisher_to_relay_wire_bytes,8271069,relay_to_users_wire_bytes,2030761,COMPLETE,none
P4,P4A_exploratory,run_20260916T061926Z_d12e8bb6,true,18,raw_quic,moqx@502b6b8f,1,1,1,100,40,forward_f1,downstream_wire_bytes,262839,secondary_metric,unsupported,EXPLORATORY_EXCLUDED,validation_incomplete
P4,P4A_exploratory,run_20260916T061942Z_2a73d61a,true,18,raw_quic,moqx@502b6b8f,1,1,1,100,40,forward_f0,downstream_wire_bytes,4221,secondary_metric,unsupported,EXPLORATORY_EXCLUDED,validation_incomplete
P4,P4A_exploratory,run_20260916T061959Z_e04fd06e,true,18,raw_quic,moqx@502b6b8f,1,1,1,100,40,forward_0_to_1,first_object_ms,70.599076,downstream_wire_bytes,249702,EXPLORATORY_EXCLUDED,validation_incomplete
P4,P4A_exploratory,run_20260916T062016Z_7a83ae3a,true,18,raw_quic,moqx@502b6b8f,1,1,1,100,40,forward_1_to_0,downstream_wire_bytes,224004,secondary_metric,unsupported,EXPLORATORY_EXCLUDED,validation_incomplete
P4,P4A_invalid,run_20260916T144012Z_6ba2b02e,false,18,raw_quic,moqx@502b6b8f,1,1,1,100,40,forward_f1,monitoring_gate,fail,process_liveness_gate,fail,COMPLETED_INVALID,experiment_harness
P4,P4A_invalid,run_20260916T144021Z_ae3effae,false,18,raw_quic,moqx@502b6b8f,1,1,1,100,40,forward_f1,monitoring_gate,fail,process_liveness_gate,fail,COMPLETED_INVALID,experiment_harness
P4,P4A_invalid,run_20260916T144030Z_80006c63,false,18,raw_quic,moqx@502b6b8f,1,1,1,100,40,forward_f1,monitoring_gate,fail,process_liveness_gate,fail,COMPLETED_INVALID,experiment_harness
P4,P4A_invalid,run_20260916T144039Z_5d6a381e,false,18,raw_quic,moqx@502b6b8f,1,1,1,100,40,forward_f0,monitoring_gate,fail,process_liveness_gate,fail,COMPLETED_INVALID,experiment_harness
P4,P4A_invalid,run_20260916T144048Z_b77a0984,false,18,raw_quic,moqx@502b6b8f,1,1,1,100,40,forward_f0,monitoring_gate,fail,process_liveness_gate,fail,COMPLETED_INVALID,experiment_harness
P4,P4A_invalid,run_20260916T144057Z_88013469,false,18,raw_quic,moqx@502b6b8f,1,1,1,100,40,forward_f0,monitoring_gate,fail,process_liveness_gate,fail,COMPLETED_INVALID,experiment_harness
P4,P4A_invalid,run_20260916T144105Z_08727ea7,false,18,raw_quic,moqx@502b6b8f,1,1,1,100,40,forward_0_to_1,monitoring_gate,fail,process_liveness_gate,fail,COMPLETED_INVALID,experiment_harness
P4,P4A_invalid,run_20260916T144114Z_17d1e19d,false,18,raw_quic,moqx@502b6b8f,1,1,1,100,40,forward_0_to_1,monitoring_gate,fail,process_liveness_gate,fail,COMPLETED_INVALID,experiment_harness
P4,P4A_invalid,run_20260916T144123Z_6a8e0c55,false,18,raw_quic,moqx@502b6b8f,1,1,1,100,40,forward_0_to_1,monitoring_gate,fail,process_liveness_gate,fail,COMPLETED_INVALID,experiment_harness
P4,P4A_invalid,run_20260916T144132Z_685cd5ec,false,18,raw_quic,moqx@502b6b8f,1,1,1,100,40,forward_1_to_0,monitoring_gate,fail,process_liveness_gate,fail,COMPLETED_INVALID,experiment_harness
P4,P4A_invalid,run_20260916T144141Z_4fa2bb39,false,18,raw_quic,moqx@502b6b8f,1,1,1,100,40,forward_1_to_0,monitoring_gate,fail,process_liveness_gate,fail,COMPLETED_INVALID,experiment_harness
P4,P4A_invalid,run_20260916T144150Z_1a742f9a,false,18,raw_quic,moqx@502b6b8f,1,1,1,100,40,forward_1_to_0,monitoring_gate,fail,process_liveness_gate,fail,COMPLETED_INVALID,experiment_harness
P4,P4B_invalid,run_20260916T145016Z_97f5d149,false,18,raw_quic,moqx@502b6b8f,8,1,8,100,40,reactive,transition_gate,fail,first_object_ms,538.973163,COMPLETED_INVALID,experiment_harness
P4,P4B_invalid,run_20260916T145027Z_9cc21d0f,false,18,raw_quic,moqx@502b6b8f,8,1,8,100,40,reactive,transition_gate,fail,first_object_ms,540.796269,COMPLETED_INVALID,experiment_harness
P4,P4B_invalid,run_20260916T145038Z_c618066e,false,18,raw_quic,moqx@502b6b8f,8,1,8,100,40,reactive,transition_gate,fail,first_object_ms,541.923917,COMPLETED_INVALID,experiment_harness
P5,standalone_fetch_smoke,run_20260918T143738Z_97313525,false,18,raw_quic,moqx@502b6b8f,1,1,1,,0,standalone_fetch,received_objects,40,historical_bytes,125000,COMPLETED_INVALID,harness_misclassified_END_OF_GROUP_and_monitoring_failed
P5,standalone_fetch_smoke,run_20260918T143858Z_52655231,true,18,raw_quic,moqx@502b6b8f,1,1,1,,0,standalone_fetch,first_object_ms,4.005658,first_complete_group_ms,12.882219,NATIVE_SEMANTIC_SMOKE,not_controlled_performance
P5,joining_fetch_smoke,run_20260918T143916Z_54554a8f,true,18,raw_quic,moqx@502b6b8f,1,1,1,,0,joining_fetch,first_object_ms,5.309613,first_complete_group_ms,470.882702,NATIVE_SEMANTIC_SMOKE,not_controlled_performance
P5,joining_fetch_smoke,run_20260918T144631Z_8f93c62d,true,18,raw_quic,moqx@502b6b8f,1,1,1,,0,joining_fetch,first_object_ms,5.041504,first_complete_group_ms,472.839115,NATIVE_SEMANTIC_SMOKE,not_controlled_performance
P5,standalone_fetch_smoke,run_20260918T144854Z_dc6eac7e,true,18,raw_quic,moqx@502b6b8f,1,1,1,,0,standalone_fetch,first_object_ms,4.610028,first_complete_group_ms,25.250747,NATIVE_SEMANTIC_SMOKE,not_controlled_performance
P5,joining_fetch_smoke,run_20260918T145044Z_e32007ea,true,18,raw_quic,moqx@502b6b8f,1,1,1,,0,joining_fetch,first_object_ms,5.097104,first_complete_group_ms,470.540106,NATIVE_SEMANTIC_SMOKE,not_controlled_performance
P5,live_only_controlled,not_run,false,18,raw_quic,moqx@502b6b8f,1_or_4,1,1,100,40,live_only,primary_metric,not_run,secondary_metric,not_run,CONTROLLED_MATRIX_PENDING_ROOT,execution_permission
P5,P5A_controlled,not_run,false,18,raw_quic,moqx@502b6b8f,1,1,1,100,40,matrix,primary_metric,not_run,secondary_metric,not_run,CONTROLLED_MATRIX_PENDING_ROOT,execution_permission
P5,P5B_controlled,not_run,false,18,raw_quic,moqx@502b6b8f,4,1,1,100,40,matrix,primary_metric,not_run,secondary_metric,not_run,CONTROLLED_MATRIX_PENDING_ROOT,execution_permission
